<?xml version="1.0" encoding="UTF-8"?>
<beans xmlns="http://www.springframework.org/schema/beans" xmlns:xsi="http://www.w3.org/2001/XMLSchema-instance"
    xsi:schemaLocation="http://www.springframework.org/schema/beans http://www.springframework.org/schema/beans/spring-beans-4.0.xsd
		http://www.springframework.org/schema/batch http://www.springframework.org/schema/batch/spring-batch-3.0.xsd">
        
    <import resource="abstract/eGovBase.xml" />
    <job id="fixedLengthToJdbcJob" parent="eGovBaseJob" xmlns="http://www.springframework.org/schema/batch">
        <step id="fixedLengthToJdbcStep" parent="eGovBaseStep">
            <tasklet>
                <chunk reader="fixedLengthToJdbcJob.fixedLengthToJdbcStep.fixedLengthItemReader" processor="fixedLengthToJdbcJob.fixedLengthToJdbcStep.itemProcessor" writer="fixedLengthToJdbcJob.fixedLengthToJdbcStep.jdbcItemWriter"
                    commit-interval="2" />
            </tasklet>
        </step>
    </job>
    <bean id="fixedLengthToJdbcJob.fixedLengthToJdbcStep.fixedLengthItemReader" class="org.springframework.batch.item.file.FlatFileItemReader" scope="step">
        <property name="resource" value="file:./src/main/resources/egovframework/batch/data/inputs/txtData.txt" />
        <property name="lineMapper">
            <bean class="org.egovframe.rte.bat.core.item.file.mapping.EgovDefaultLineMapper">
                <property name="lineTokenizer">
                    <bean class="org.egovframe.rte.bat.core.item.file.transform.EgovFixedLengthTokenizer">
                        <property name="columns" value="1-9,10-11" />
                    </bean>
                </property>
                <property name="objectMapper">
                    <bean class="org.egovframe.rte.bat.core.item.file.mapping.EgovObjectMapper">
                        <property name="type" value="egovframework.example.bat.domain.trade.CustomerCredit" />
                        <property name="names" value="name,credit" />
                    </bean>
                </property>
            </bean>
        </property>
    </bean>
    <bean id="fixedLengthToJdbcJob.fixedLengthToJdbcStep.jdbcItemWriter" class="org.egovframe.rte.bat.core.item.database.EgovJdbcBatchItemWriter">
        <property name="assertUpdates" value="true" />
        <property name="itemPreparedStatementSetter">
            <bean class="org.egovframe.rte.bat.core.item.database.support.EgovMethodMapItemPreparedStatementSetter" />
        </property>
        <property name="sql" value="UPDATE CUSTOMER set credit =? where name =?" />
        <property name="params" value="credit,name" />
        <property name="dataSource" ref="dataSource" />
    </bean>
    <bean id="fixedLengthToJdbcJob.fixedLengthToJdbcStep.itemProcessor" class="egovframework.example.bat.domain.trade.CustomerCreditIncreaseProcessor" />
</beans>