<?xml version="1.0" encoding="UTF-8"?>
<beans xmlns="http://www.springframework.org/schema/beans" xmlns:xsi="http://www.w3.org/2001/XMLSchema-instance"
	xsi:schemaLocation="http://www.springframework.org/schema/beans http://www.springframework.org/schema/beans/spring-beans-4.0.xsd">

    <!-- 실행환경에서 빈이름 참조(EgovAbstractDAO) -->
	<bean id="egov.lobHandler" class="org.springframework.jdbc.support.lob.DefaultLobHandler" lazy-init="true" />

	<!-- Mybatis setup for Mybatis Database Layer -->
	<bean id="egov.sqlSession" class="org.mybatis.spring.SqlSessionFactoryBean">		
		<property name="dataSource" ref="egov.dataSource"/>
		<property name="configLocation" value="classpath:/egovframework/mapper/config/mapper-config.xml" />
		
		<property name="mapperLocations">
			<list>
				<value>classpath:/egovframework/mapper/example/bat/Egov_Example_SQL.xml</value>
				<!-- <value>classpath:/egovframework/mapper/example/bat/Egov_Example_SQL_altibase.xml</value> -->
				<!-- <value>classpath:/egovframework/mapper/example/bat/Egov_Example_SQL_cubrid.xml</value> -->
				<!-- <value>classpath:/egovframework/mapper/example/bat/Egov_Example_SQL_mysql.xml</value> -->
				<!-- <value>classpath:/egovframework/mapper/example/bat/Egov_Example_SQL_oracle.xml</value> -->
				<!-- <value>classpath:/egovframework/mapper/example/bat/Egov_Example_SQL_tibero.xml</value> -->
			</list>
		</property>
	</bean>

	<!-- Mybatis Session Template -->
	<bean id="egov.sqlSessionTemplate" class="org.mybatis.spring.SqlSessionTemplate">
		<constructor-arg ref="egov.sqlSession"/>
	</bean>

</beans>
